,app_name,genre,size_bytes,rating_count,rating,overall_rc,overall_r,overall_score,genre_rc,genre_r,genre_score,success_score,app_name_length,app_name_words
0,Instagram,Photo & Video,113954816,2161558,4.5,0.7266532556822995,0.9,0.8306613022729199,1.0,0.9,0.9400000000000001,0.8907975860228141,9,1
1,Clash of Clans,Games,116476928,2130805,4.5,0.7163149869094987,0.9,0.8265259947637995,1.0,0.9,0.9400000000000001,0.8889366976437099,14,3
2,Bible,Reference,92774400,985920,4.5,0.33143777675282954,0.9,0.6725751107011319,1.0,1.0,1.0,0.8526587998155094,5,1
3,Temple Run,Games,65921024,1724546,4.5,0.5797424660702544,0.9,0.7718969864281018,0.8093401320158344,0.9,0.8637360528063338,0.8224084729361294,10,2
4,CPlus for Craigslist app - mobile classifieds,Catalogs,120219648,13345,5.0,0.004486202867135782,1.0,0.6017944811468543,1.0,1.0,1.0,0.8208075165160844,45,6
5,Facebook,Social Networking,389879808,2974676,3.5,1.0,0.7,0.8200000000000001,1.0,0.7,0.8200000000000001,0.8200000000000001,8,1
6,"Waze - GPS Navigation, Maps & Real-time Traffic",Navigation,94139392,345046,4.5,0.11599448141579116,0.9,0.5863977925663165,1.0,1.0,1.0,0.8138790066548425,47,6
7,Domino's Pizza USA,Food & Drink,105743360,258624,5.0,0.08694190560585421,1.0,0.6347767622423417,0.8511395237860163,1.0,0.9404558095144065,0.8029002382419774,18,3
8,Spotify Music,Music,132510720,878563,4.5,0.29534745968972753,0.9,0.6581389838758911,0.7796427123054028,1.0,0.9118570849221611,0.7976839394513396,13,2
9,Pandora - Music & Radio,Music,130242560,1126879,4.0,0.37882411395392307,0.8,0.6315296455815692,1.0,0.8888888888888888,0.9333333333333333,0.7975216738450396,23,3
10,Blink Health,Medical,38117376,1198,5.0,0.00040273293629289374,1.0,0.6001610931745172,0.8933631618195377,1.0,0.9573452647278151,0.7966123875288311,12,2
11,Calorie Counter & Diet Tracker by MyFitnessPal,Health & Fitness,152700928,507706,4.5,0.17067606690611012,0.9,0.6082704267624441,1.0,0.9,0.9400000000000001,0.7907216920430999,46,6
12,"Groupon - Deals, Coupons & Discount Shopping App",Shopping,127382528,417779,4.5,0.1404452115121109,0.9,0.5961780846048443,1.0,0.9,0.9400000000000001,0.7852801380721801,48,6
13,Zillow Real Estate - Homes for Sale & for Rent,Lifestyle,132632576,342969,4.5,0.11529625411305298,0.9,0.5861185016452213,1.0,0.9,0.9400000000000001,0.7807533257403497,46,8
14,Chase Mobile℠,Finance,39505920,233270,4.5,0.07841862441489426,0.9,0.5713674497659578,1.0,0.9,0.9400000000000001,0.7741153523946811,13,2
15,Starbucks,Food & Drink,135032832,303856,4.5,0.1021475952339011,0.9,0.5808590380935604,1.0,0.875,0.925,0.7701365671421022,9,1
16,"Duolingo - Learn Spanish, French and more",Education,89782272,162701,4.5,0.05469536850399842,0.9,0.5618781474015994,1.0,0.9,0.9400000000000001,0.7698451663307199,41,6
17,SnoreLab : Record Your Snoring,Medical,56814592,1341,4.5,0.0004508053986383727,0.9,0.5401803221594554,1.0,0.9,0.9400000000000001,0.760081144971755,30,4
18,Colorfy: Coloring Book for Adults,Entertainment,124185600,247809,4.5,0.08330621553406152,0.9,0.5733224862136247,0.8023759567937211,0.9,0.8609503827174885,0.7315178292907498,33,5
19,Complete Anatomy,Medical,974118912,1104,4.5,0.00037113285614971176,0.9,0.54014845314246,0.8232662192393736,0.9,0.8693064876957495,0.7211853721467693,16,2
20,"Mint: Personal Finance, Budget, Bills & Money",Finance,162891776,232940,4.0,0.07830768796332777,0.8,0.511323075185331,0.9985853303039396,0.8,0.8794341321215758,0.7137841565002657,45,6
21,Evernote - stay organized,Productivity,158578688,161065,4.0,0.05414539264108091,0.8,0.5016581570564324,1.0,0.8,0.88,0.7097461706753946,25,3
22,Fandango Movies - Times + Tickets,Entertainment,81924096,291787,4.0,0.09809034664615575,0.8,0.5192361386584623,0.9447714703863439,0.8,0.8579085881545376,0.7055059858813038,33,4
23,"Credit Karma: Free Credit Scores, Reports & Alerts",Finance,95494144,101679,5.0,0.034181537754027665,1.0,0.6136726151016111,0.4358854546233978,1.0,0.7743541818493591,0.7020474768128725,50,7
24,Candy Crush Saga,Games,222846976,961794,4.5,0.32332731363012307,0.9,0.6693309254520493,0.4513758884553021,0.9,0.7205503553821209,0.6975016119135886,16,3
25,"The Weather Channel: Forecast, Radar & Alerts",Weather,199734272,495626,3.5,0.16661512043664586,0.7,0.48664604817465834,1.0,0.7777777777777778,0.8666666666666667,0.695657388345263,45,6
26,The Masters Tournament,Sports,120725504,148160,4.5,0.04980710504270045,0.9,0.5599228420170802,0.5091478920672449,1.0,0.8036591568268979,0.69397781516248,22,3
27,"ESPN: Get scores, news, alerts & watch live sports",Sports,51538944,290996,3.5,0.09782443533346152,0.7,0.4591297741333846,1.0,0.7777777777777778,0.8666666666666667,0.6832750650266899,50,8
28,Pinterest,Social Networking,74778624,1061624,4.5,0.35688727108431306,0.9,0.6827549084337252,0.35688727108431306,0.9,0.6827549084337252,0.6827549084337252,9,1
29,Elevate - Brain Training and Games,Education,196350976,58092,5.0,0.019528849528486464,1.0,0.6078115398113946,0.3570475903651483,1.0,0.7428190361460594,0.6820656627954602,34,5
30,IMDb Movies & TV - Trailers and Showtimes,Entertainment,88702976,183425,4.5,0.06166217766237399,0.9,0.5646648710649497,0.5939082514149538,0.9,0.7775633005659816,0.6817590072905173,41,6
31,Google Maps - Navigation & Transit,Navigation,120232960,154911,4.5,0.05207659590489855,0.9,0.5608306383619595,0.4489495451265212,1.0,0.7795798180506085,0.6811426871907165,34,4
32,Head Soccer,Games,121319424,481564,5.0,0.16188788291565198,1.0,0.6647551531662608,0.22600097146383644,1.0,0.6904003885855345,0.6788600326468613,11,2
33,Color Therapy Adult Coloring Book for Adults,Book,135236608,84062,5.0,0.028259212095703867,1.0,0.6113036848382816,0.33347879211031595,1.0,0.7333915168441264,0.6784519924414962,44,7
34,Lumosity - Brain Training,Education,214962176,96534,4.5,0.03245193762278648,0.9,0.5529807750491146,0.5933214915704267,0.9,0.7773285966281707,0.6763720769175955,25,3
35,Angry Birds,Games,175966208,824451,4.5,0.27715657100134605,0.9,0.6508626284005384,0.3869199668669822,0.9,0.694767986746793,0.6750105754909785,11,2
36,"Gmail - email by Google: secure, fast & organized",Productivity,236067840,135962,4.0,0.045706490387524557,0.8,0.4982825961550098,0.8441436687051811,0.8,0.8176574674820725,0.6739387753848943,49,7
37,Google – Search made just for mobile,Utilities,179979264,479440,3.5,0.16117385557284222,0.7,0.48446954222913685,1.0,0.7,0.8200000000000001,0.6690112940031117,36,6
38,Flashlight Ⓞ,Utilities,42027008,130450,5.0,0.043853515475298824,1.0,0.6175414061901195,0.2720882696479226,1.0,0.708835307859169,0.6677530521080968,12,2
39,Google Earth,Travel,37214208,446185,3.5,0.1499944867945282,0.7,0.4799977947178113,1.0,0.7,0.8200000000000001,0.6669990076230151,12,2
40,Lose It! – Weight Loss Program and Calorie Counter,Health & Fitness,182054912,373835,4.0,0.12567251021623868,0.8,0.5302690040864955,0.7363218082906249,0.8,0.7745287233162499,0.6646118496628604,50,8
41,Sniper 3D Assassin: Shoot to Kill Gun Game,Games,157851648,386521,5.0,0.12993717635130683,1.0,0.6519748705405227,0.18139670218532433,1.0,0.6725586808741297,0.6632959662240066,42,8
42,Twitter,News,210569216,354058,3.5,0.1190240550567524,0.7,0.46760962202270095,1.0,0.7,0.8200000000000001,0.6614243299102155,7,1
43,"Zappos: shop shoes & clothes, fast free shipping",Shopping,70325248,103655,5.0,0.034845811779165195,1.0,0.6139383247116661,0.24810964648773634,1.0,0.6992438585950945,0.6608563683475518,48,7
44,Geometry Dash Lite,Games,69076992,370370,5.0,0.12450767747479054,1.0,0.6498030709899162,0.1738169377301067,1.0,0.6695267750920426,0.6606511082460857,18,3
45,Flashlight ◎,Business,37967872,24744,4.5,0.008318216841094626,0.9,0.5433272867364379,0.6395914145332299,0.8333333333333334,0.755836565813292,0.6602073902287077,12,2
46,Netflix,Entertainment,125016064,308844,3.5,0.10382441650788186,0.7,0.4615297666031527,1.0,0.7,0.8200000000000001,0.6586883949714188,7,1
47,Indeed Job Search,Business,3691520,38681,4.0,0.013003432978919385,0.8,0.48520137319156775,1.0,0.6666666666666666,0.8,0.6583406179362056,17,3
48,Subway Surfers,Games,156038144,706110,4.5,0.23737375095640667,0.9,0.6349495003825627,0.33138180171343695,0.9,0.6725527206853749,0.6556312715491095,14,2
49,"Kindle – Read eBooks, Magazines & Textbooks",Book,169747456,252076,3.5,0.08474065746992278,0.7,0.4538962629879691,1.0,0.7,0.8200000000000001,0.6552533183445861,43,5
50,Solitaire,Games,101943296,679055,4.5,0.22827864278328128,0.9,0.6313114571133125,0.31868472244058,0.9,0.667473888976232,0.6512007946379182,9,1
51,CSR Racing,Games,524803072,677247,4.5,0.22767084549712305,0.9,0.6310683381988492,0.31783621682885105,0.9,0.6671344867315405,0.6509047198918294,10,2
52,Crossy Road - Endless Arcade Hopper,Games,165471232,669079,4.5,0.22492500023531975,0.9,0.629970000094128,0.31400292377763334,0.9,0.6656011695110534,0.649567143273437,35,5
53,MyRadar NOAA Weather Radar Forecast,Weather,127284224,150158,4.5,0.05047877483127574,0.9,0.5601915099325103,0.3029663496265329,1.0,0.7211865398506132,0.6487387763874669,35,5
54,Yahoo Mail - Keeps You Organized!,Productivity,177899520,113709,4.0,0.03822567567022425,0.8,0.4952902702680897,0.7059820569335361,0.8,0.7623928227734145,0.6421966741460183,33,5
55,CSR Racing 2,Games,1944321024,257100,5.0,0.08642958090225625,1.0,0.6345718323609024,0.12065862432273249,1.0,0.648263449729093,0.6421022219134074,12,3
56,Injustice: Gods Among Us,Games,1829599232,612532,4.5,0.20591553500280366,0.9,0.6223662140011215,0.28746506601964983,0.9,0.65498602640786,0.6403071108248277,24,4
57,WatchESPN,Sports,33714176,159735,4.0,0.05369828512416142,0.8,0.5014793140496645,0.5489250711349984,0.8888888888888888,0.7529033617873327,0.6397625403053822,9,1
58,"Audible – audio books, original series & podcasts",Book,81558528,105274,4.5,0.0353900727339717,0.9,0.5541560290935887,0.41762801694726986,0.9,0.707051206778908,0.6382483768205143,49,6
59,"eBay: Best App to Buy, Sell, Save! Online Shopping",Shopping,128512000,262241,4.0,0.08815783634923602,0.8,0.5152631345396944,0.6277026849123579,0.8,0.7310810739649432,0.6339630012235813,50,9
60,Hay Day,Games,113641472,567344,4.5,0.1907246369016323,0.9,0.616289854760653,0.26625805740084146,0.9,0.6465032229603367,0.6329072072704791,7,2
61,Google Docs,Productivity,199993344,64259,4.5,0.021602016488518415,0.9,0.5486408065954074,0.3989631515226772,0.9,0.6995852606090709,0.6316602563029223,11,2
62,Pictoword: Fun 2 Pics Guess What's the Word Trivia,Games,126216192,186089,5.0,0.06255773738047438,1.0,0.6250230949521898,0.0873327216709178,1.0,0.6349330886683671,0.6304735914960873,50,8
63,Yahoo Weather,Weather,123047936,112603,4.5,0.037853870471943836,0.9,0.5551415481887776,0.22719348863861055,1.0,0.6908773954554442,0.6297962641854443,13,2
64,Memrise: learn languages,Education,83949568,20383,5.0,0.006852174825090195,1.0,0.6027408699300361,0.12527888580893787,1.0,0.6501115543235751,0.6287947463464826,24,3
65,Twitch,Entertainment,79983616,109549,4.5,0.03682720403835577,0.9,0.5547308816153423,0.35470658325886206,0.9,0.6818826333035448,0.6246643450438537,6,1
66,Google Drive - free online storage,Productivity,185695232,59255,4.5,0.019919816477492004,0.9,0.5479679265909968,0.367894949244094,0.9,0.6871579796976377,0.6245224557996494,34,5
67,Wish - Shopping Made Fun,Shopping,48428032,141960,4.5,0.04772284443751185,0.9,0.5590891377750048,0.3397968782538136,0.9,0.6759187513015255,0.6233454252145911,24,4
68,Iron Force,Games,124666880,141634,5.0,0.047613252670206774,1.0,0.6190453010680826,0.06646971449757251,1.0,0.626587885799029,0.6231937226701032,10,2
69,DragonVale,Games,153074688,503230,4.5,0.16917136521759008,0.9,0.607668546087036,0.23616895961854792,0.9,0.6344675838474192,0.6224080168552468,10,1
70,"Yahoo Sports - Teams, Scores, News & Highlights",Sports,130583552,137951,4.0,0.046375134636511675,0.8,0.49855005385460466,0.47406493560048935,0.8888888888888888,0.7229593075735291,0.6219751434000131,47,6
71,Sniper Shooter: Gun Shooting Games,Games,113509376,134080,5.0,0.04507381644253021,1.0,0.618029526577012,0.06292457545387777,1.0,0.625169830181551,0.6219566935595084,34,5
72,OpenTable - Restaurant Reservations,Food & Drink,93420544,113936,4.5,0.03830198650205938,0.9,0.5553207946008238,0.374965032663606,0.875,0.6749860130654424,0.6211366647563641,35,3
73,GasBuddy,Travel,145240064,145549,4.5,0.04892936239106377,0.9,0.5595717449564256,0.32620773894236693,0.9,0.6704830955769469,0.6205729877977123,8,1
74,Pic Collage - Picture Editor & Photo Collage Maker,Photo & Video,109210624,123433,5.0,0.041494603109716824,1.0,0.6165978412438867,0.05710371870659959,1.0,0.6228414874826398,0.620031846675201,50,7
75,VPN Proxy Master - Unlimited WiFi security VPN,Productivity,27117568,13674,5.0,0.004596803147636919,1.0,0.6018387212590548,0.08489740167013318,1.0,0.6339589606680532,0.6195048529340039,46,7
76,Action Movie FX,Entertainment,142996480,101222,4.5,0.03402790757716134,0.9,0.5536111630308646,0.32774475139552656,0.9,0.6710979005582107,0.618228868670905,15,3
77,shopkick - Shopping Rewards & Discounts,Shopping,74822656,130823,4.5,0.04397890728267549,0.9,0.5575915629130702,0.3131392434756175,0.9,0.665255697390247,0.6168068368755175,39,4
78,Despicable Me: Minion Rush,Games,147123200,464312,4.5,0.15608825969618204,0.9,0.6024353038784729,0.2179045008811224,0.9,0.6271618003524491,0.6160348769391598,26,4
79,The CW,Entertainment,30552064,97368,4.5,0.032732304291290884,0.9,0.5530929217165164,0.3152659595135408,0.9,0.6661063838054164,0.6152503258654114,6,2
80,PewDiePie's Tuber Simulator,Games,266766336,90851,5.0,0.030541477458385383,1.0,0.6122165909833541,0.04263693768317608,1.0,0.6170547750732704,0.6148775922328081,27,3
81,"The Weather Channel App for iPad – best local forecast, radar map, and storm tracking",Weather,59101184,208648,4.0,0.0701414204437727,0.8,0.5080565681775091,0.42097872185882096,0.8888888888888888,0.7017248220768617,0.614574107822153,85,14
82,Browser and File Manager for Documents,Utilities,42198016,27750,5.0,0.009328747063545743,1.0,0.6037314988254183,0.05788002669781411,1.0,0.6231520106791256,0.6144127803449574,38,6
83,Google Photos - unlimited photo and video storage,Photo & Video,160215040,88742,5.0,0.029832492681555908,1.0,0.6119329970726224,0.041054646694652655,1.0,0.616421858677861,0.6144018709555037,49,7
84,Bruh-Button,Entertainment,52343808,17487,5.0,0.005878623419827907,1.0,0.6023514493679312,0.056620818277188484,1.0,0.6226483273108754,0.6135147322365506,11,1
85,"Shopular Coupons, Weekly Deals for Target, Walmart",Shopping,52582400,22729,5.0,0.007640832144408332,1.0,0.6030563328577633,0.05440436211489807,1.0,0.6217617448459593,0.6133443094512712,50,7
86,The Sims™ FreePlay,Games,695603200,446880,4.5,0.15022812568494853,0.9,0.6000912502739795,0.2097235551821964,0.9,0.6238894220728786,0.613180244763374,18,3
87,Blackbox - think outside the box,Games,100392960,80058,5.0,0.026913183150030457,1.0,0.6107652732600122,0.037571715853867434,1.0,0.615028686341547,0.6131101504548564,32,5
88,"Egg, Inc.",Games,53579776,79074,5.0,0.026582390821723104,1.0,0.6106329563286892,0.03710991855190879,1.0,0.6148439674207635,0.6129490124293301,9,2
89,"Shazam - Discover music, artists, videos & lyrics",Music,147093504,402925,4.0,0.13545172650735743,0.8,0.5341806906029429,0.35755835364755223,0.8888888888888888,0.6763566747923542,0.6123774819071192,49,6
90,"ipsy - Makeup, subscription and beauty tips",Lifestyle,35611648,17489,5.0,0.005879295761958613,1.0,0.6023517183047834,0.05099294688441229,1.0,0.6203971787537649,0.6122767215517233,43,6
91,"We Heart It - Fashion, wallpapers, quotes, tattoos",Social Networking,79953920,90414,5.0,0.030394570702826123,1.0,0.6121578282811304,0.030394570702826123,1.0,0.6121578282811304,0.6121578282811304,50,7
92,Flight Pilot Simulator 3D: Flying Game For Free,Games,142512128,60360,5.0,0.020291285504707067,1.0,0.6081165142018828,0.028327322303073253,1.0,0.6113309289212293,0.6098844422975234,47,8
93,"Logos Quiz -Guess the most famous brands, new fun!",Games,72567808,58640,5.0,0.019713071272299907,1.0,0.6078852285089199,0.02752011563704797,1.0,0.6110080462548192,0.6096027782691645,50,9
94,ChineseSkill -Learn Mandarin Chinese Language Free,Education,174596096,6077,5.0,0.00204291156415018,1.0,0.60081716462566,0.03735072310557403,1.0,0.6149402892422295,0.6085848831647733,50,6
95,Microsoft Word,Productivity,334425088,47999,4.5,0.016135874965878635,0.9,0.5464543499863515,0.29801012013783257,0.9,0.6592040480551331,0.6084666839241815,14,2
96,Sonic Dash,Games,186687488,418033,4.5,0.14053059896271056,0.9,0.5962122395850843,0.19618547919682935,0.9,0.6184741916787317,0.6084563132365903,10,2
97,Sworkit - Custom Workouts for Exercise & Fitness,Health & Fitness,143166464,16819,5.0,0.005654061148172103,1.0,0.6022616244592688,0.033127439896317945,1.0,0.6132509759585272,0.608305767783861,48,6
98,8 Ball Pool™,Games,86776832,416736,4.5,0.14009458509094772,0.9,0.5960378340363791,0.19557678905390216,0.9,0.618230715621561,0.6082439189082292,12,3
99,Tiny Tower - Free City Building,Games,124720128,414803,4.5,0.13944476642162038,0.9,0.5957779065686482,0.19466962016702608,0.9,0.6178678480668105,0.6079273743926374,31,5
100,Tricky Test 2™: Genius Brain?,Games,134669312,45578,5.0,0.015322004816659024,1.0,0.6061288019266636,0.021390038037267606,1.0,0.608556015214907,0.6074637692351975,29,5
101,"Ebates: Cash Back, Coupons & Rebate Shopping App",Shopping,108079104,12617,5.0,0.0042414703315587984,1.0,0.6016965881326235,0.030200177605863385,1.0,0.6120800710423453,0.6074075037329705,48,7
102,"Wayfair - Shop Furniture, Home Decor, Daily Sales",Shopping,165069824,12578,5.0,0.004228359660010031,1.0,0.601691343864004,0.030106826815134317,1.0,0.6120427307260538,0.6073846066381314,49,7
103,Productive habits & daily goals tracker,Productivity,9256960,4736,5.0,0.001592106165511807,1.0,0.6006368424662047,0.029404277776053145,1.0,0.6117617111104212,0.6067555202205238,39,5
104,Magic Piano by Smule,Music,55030784,131695,4.5,0.044272048451663305,0.9,0.5577088193806654,0.1168670283144863,1.0,0.6467468113257945,0.6066797149504863,20,4
105,Jetpack Joyride,Games,108813312,405647,4.5,0.13636678414724832,0.9,0.5945467136588993,0.19037265258904498,0.9,0.6161490610356181,0.6064280047160947,15,2
106,Headspace,Health & Fitness,121170944,12819,5.0,0.004309376886760104,1.0,0.601723750754704,0.02524886450032105,1.0,0.6100995458001284,0.6063304380296874,9,1
107,Bike Race - Top Motorcycle Racing Games,Games,120187904,405007,4.5,0.13615163466542238,0.9,0.594460653866169,0.1900722966202914,0.9,0.6160289186481166,0.6063231994962401,39,6
108,Gin Rummy Plus - Multiplayer Online Card Game,Games,178644992,36355,5.0,0.012221499080908308,1.0,0.6048885996323633,0.017061626943807622,1.0,0.606824650777523,0.6059534277622012,45,7
109,My Verizon,Utilities,150791168,126948,4.5,0.042676244404432614,0.9,0.5570704977617731,0.26478391456699485,0.9,0.645913565826798,0.6059341851975368,10,2
110,Yu-Gi-Oh! Duel Links,Games,185152512,35570,5.0,0.011957604794606202,1.0,0.6047830419178425,0.016693221575883294,1.0,0.6066772886303533,0.6058248776097235,20,3
111,ASOS,Shopping,141503488,9725,5.0,0.003269263610557923,1.0,0.6013077054442232,0.023277857431800067,1.0,0.60931114297272,0.6057095960848965,4,1
112,The Guardian,News,92966912,8176,5.0,0.0027485346303261263,1.0,0.6010994138521304,0.023092261719831215,1.0,0.6092369046879325,0.6055750338118215,12,2
113,Fit Brains Trainer,Education,188902400,46363,4.5,0.01558589910296113,0.9,0.5462343596411845,0.28495829773633846,0.9,0.6539833190945354,0.6054962873405276,18,3
114,FotoRus -Camera & Photo Editor & Pic Collage Maker,Photo & Video,119500800,32558,5.0,0.010945057545762967,1.0,0.6043780230183051,0.015062283778644847,1.0,0.6060249135114579,0.6052838127895392,50,7
115,Arrow Ambush,Games,25895936,32020,5.0,0.010764197512603053,1.0,0.6043056790050412,0.015027184561703206,1.0,0.6060108738246812,0.6052435361558433,12,2
116,Kim Kardashian: Hollywood,Games,239976448,397730,4.5,0.1337053178228486,0.9,0.5934821271291395,0.18665715539432282,0.9,0.6146628621577291,0.6051315313948639,25,3
117,Crazy Kitchen,Games,196248576,30704,5.0,0.010321796390598506,1.0,0.6041287185562394,0.01440957760095363,1.0,0.6057638310403815,0.6050280304225175,13,2
118,Romwe shopping- Fashion Clothing for women,Shopping,38983680,8558,5.0,0.002876951977290972,1.0,0.6011507807909163,0.02048451453998406,1.0,0.6081938058159936,0.6050244445547088,42,6
119,Pixel Color Ball Fell From The Sky,Entertainment,33778688,6493,5.0,0.0021827587273370278,1.0,0.6008731034909348,0.021023558819339212,1.0,0.6084094235277356,0.6050180795111753,34,7
121,Evolution Calculator - CP & XP - for Pokemon GO!,Utilities,19608576,9269,5.0,0.003115969604756955,1.0,0.6012463878419028,0.019332971800433838,1.0,0.6077331887201736,0.6048141283249517,48,7
122,Trivia Crack,Games,265484288,393469,4.5,0.1322728929133795,0.9,0.5929091571653519,0.1846574416711055,0.9,0.6138629766684423,0.6044337578920516,12,2
123,"8fit - Workouts, meal plans and personal trainer",Health & Fitness,101789696,8730,5.0,0.002934773400531688,1.0,0.6011739093602126,0.017194990801763226,1.0,0.6068779963207053,0.6043111571884836,48,7
124,SMILE Inc.,Games,137533440,25859,5.0,0.008693047578963222,1.0,0.6034772190315852,0.012135789056248694,1.0,0.6048543156224995,0.6042346221565881,10,2
125,FreePrints – Photos Delivered,Photo & Video,112790528,26060,5.0,0.008760617963099175,1.0,0.6035042471852397,0.012056118780990378,1.0,0.6048224475123961,0.6042292573651757,29,3
126,Triller - Music Video & Film Maker,Photo & Video,87287808,25683,5.0,0.008633881471461094,1.0,0.6034535525885845,0.011881707546131078,1.0,0.6047526830184524,0.6041680743250119,34,5
127,WordBrain,Games,110595072,391401,4.5,0.13157769115022946,0.9,0.5926310764600918,0.18368691644707047,0.9,0.6134747665788283,0.604095106025397,9,1
128,"Yelp - Nearby Restaurants, Shopping & Services",Travel,167407616,223885,4.0,0.07526365896655636,0.8,0.5101054635866226,0.5017761690778488,0.8,0.6807104676311395,0.603938215811107,46,5
129,Castle Crush: Epic Strategy Game,Games,106132480,23148,5.0,0.0077816878207912395,1.0,0.6031126751283165,0.010863499944856522,1.0,0.6043453999779426,0.6037906737956109,32,5
130,Vlogger Go Viral - Clicker Game & Vlog Simulator,Games,100562944,21977,5.0,0.0073880315032628764,1.0,0.6029552126013051,0.010313942383277682,1.0,0.604125576953311,0.6035989129949084,48,7
131,Smule Sing!,Music,109940736,119316,4.5,0.04011058683365852,0.9,0.5560442347334634,0.105881820497143,1.0,0.6423527281988571,0.6035139061394299,11,2
132,Sugar Smash: Book of Life,Games,128648192,20254,5.0,0.006808808757659658,1.0,0.6027235235030638,0.009505327798648867,1.0,0.6038021311194596,0.6033167576920815,25,5
133,Nike+,Shopping,149407744,5464,5.0,0.001836838701088791,1.0,0.6007347354804355,0.01307868514214453,1.0,0.6052314740568578,0.6032079416974678,5,1
134,Atom – Movie Tickets and Showtimes,Entertainment,102137856,4105,5.0,0.001379982223274064,1.0,0.6005519928893096,0.013291499915815104,1.0,0.605316599966326,0.6031725267816687,34,5
135,Ghost Lens+Scary Photo Video Edit&Collage Maker,Photo & Video,102500352,18316,5.0,0.006157309233005544,1.0,0.6024629236932022,0.008473517712686868,1.0,0.6033894070850747,0.6029724895587321,47,6
136,Memorado Brain Training for Memory & Mindfulness,Education,149256192,2067,5.0,0.0006948655920846505,1.0,0.6002779462368338,0.01270428577574815,1.0,0.6050817143102992,0.6029200186772399,48,6
137,X-War: Clash of Zombies,Games,42917888,17254,5.0,0.005800295561600659,1.0,0.6023201182246403,0.0080974091951164,1.0,0.6032389636780465,0.6028254832240137,23,4
138,J&J Official 7 Minute Workout,Health & Fitness,242486272,4861,5.0,0.001634127548680932,1.0,0.6006536510194723,0.009574438749985228,1.0,0.6038297754999941,0.6024005194837593,29,4
139,Fitbod Workout Log: Strength Lifting Bodybuilding,Health & Fitness,71352320,4668,5.0,0.001569246533067803,1.0,0.6006276986132271,0.009194297487128378,1.0,0.6036777189948513,0.6023052098231205,49,6
140,Artisto – Video and Photo Editor with Art Filters,Photo & Video,55673856,12963,5.0,0.004357785520170936,1.0,0.6017431142080684,0.005997063229392873,1.0,0.6023988252917571,0.6021037553040972,49,8
141,"InShot Video Editor Music, No Crop, Cut",Photo & Video,55851008,12779,5.0,0.0042959300441459845,1.0,0.6017183720176583,0.00591193944367905,1.0,0.6023647757774716,0.6020738940855557,39,7
142,Solitaire Ⓞ,Games,68179968,12077,5.0,0.004059937956268179,1.0,0.6016239751825072,0.005667810991620538,1.0,0.6022671243966482,0.6019777072502848,11,2
143,Honest App: Shop baby & diaper products,Shopping,121671680,3173,5.0,0.0010666707903650683,1.0,0.600426668316146,0.007594924589316361,1.0,0.6030379698357266,0.6018628841519154,39,6
144,War Machines: 3D Multiplayer Tank Shooting Game,Games,163080192,11325,5.0,0.0038071373151227226,1.0,0.6015228549260491,0.005314892728335066,1.0,0.602125957091334,0.6018545611169558,47,7
145,Bee Brilliant,Games,199310336,11151,5.0,0.0037486435497513008,1.0,0.6014994574199005,0.005233233449330183,1.0,0.602093293379732,0.601826067197808,13,2
146,My Challenge Tracker,Health & Fitness,78232576,3682,5.0,0.0012377818626297453,1.0,0.6004951127450519,0.007252228652015143,1.0,0.602900891460806,0.6018182910387166,20,3
147,War Tortoise,Games,407088128,10555,5.0,0.003548285594800913,1.0,0.6014193142379204,0.004953526953428399,1.0,0.6019814107813714,0.6017284673368184,12,2
148,Monster Super League,Games,163893248,10368,5.0,0.0034854216055799016,1.0,0.6013941686422319,0.0048657666938082085,1.0,0.6019463066775232,0.6016978445616421,20,3
149,Stupid Zombies 3,Games,154107904,10159,5.0,0.0034151618529211247,1.0,0.6013660647411684,0.004767681697762113,1.0,0.6019070726791048,0.6016636191070335,16,3
150,Tank.IO War - Free Tank games of snake,Games,25571328,9259,5.0,0.003112607894103425,1.0,0.6012450431576414,0.004345306116702373,1.0,0.6017381224466809,0.6015162367666131,38,7
151,Despicable Bear - Top Beat Action Game,Games,218849280,8872,5.0,0.002982509691811814,1.0,0.6011930038767247,0.004163684616846685,1.0,0.6016654738467386,0.6014528623602324,38,6
152,Ab & Core Sworkit - Free Workout Trainer,Health & Fitness,59845632,2901,5.0,0.0009752322605890524,1.0,0.6003900929042356,0.005713936805946749,1.0,0.6022855747223786,0.6014326079042143,40,6
153,Yahoo Fantasy Sports,Sports,131000320,190670,3.5,0.06409773703085647,0.7,0.4456390948123426,0.6552323743281695,0.7777777777777778,0.7287596163979344,0.6013553816844182,20,3
154,Burrito Bison: Launcha Libre,Games,468171776,7740,5.0,0.0026019640458322182,1.0,0.6010407856183329,0.003632429997113767,1.0,0.6014529719988455,0.6012674881276148,28,4
155,TuneIn Radio - MLB NBA Audiobooks Podcasts Music,Music,101735424,110420,4.5,0.03712000903627824,0.9,0.5548480036145114,0.09798745029413096,1.0,0.6391949801176524,0.601238840691239,48,7
156,Dan The Man (Retro Action Platformer),Games,99317760,7527,5.0,0.0025303596089120296,1.0,0.6010121438435648,0.0035324677762629615,1.0,0.6014129871105052,0.601232607640382,37,6
157,Simple Habit,Health & Fitness,134466560,2494,5.0,0.0008384106369903815,1.0,0.6003353642547962,0.004912291759404065,1.0,0.6019649167037616,0.6012316181017272,12,2
158,Flow Free,Games,20669440,373857,4.5,0.12567990597967643,0.9,0.5902719623918706,0.1754534084536126,0.9,0.610181363381445,0.6012221329361366,9,2
159,BeautyPlus - Selfie Camera for a Beautiful Image,Photo & Video,128229376,7503,5.0,0.0025222915033435572,1.0,0.6010089166013374,0.00347110741418921,1.0,0.6013884429656756,0.6012176561017234,48,6
160,Super Cat Tales,Games,64337920,7423,5.0,0.0024953978181153176,1.0,0.6009981591272461,0.0034836599313405026,1.0,0.6013934639725361,0.6012155767921556,15,3
161,Slots: DoubleUp Free Slot Games - Slot Machines,Games,168200192,7177,5.0,0.0024126997360384797,1.0,0.6009650798944154,0.0033682106058508404,1.0,0.6013472842423403,0.601175292285774,47,7
162,BuzzFeed Video,Entertainment,45025280,1492,5.0,0.0005015672295066757,1.0,0.6002006268918026,0.004830917874396135,1.0,0.6019323671497584,0.6011530840336783,14,2
163,Meitu,Photo & Video,142101504,6478,5.0,0.0021777161613567328,1.0,0.6008710864645427,0.002996912412250793,1.0,0.6011987649649003,0.6010513096397394,5,1
164,Good Knight Story,Games,153513984,6282,5.0,0.0021118266325475445,1.0,0.600844730653019,0.0029481815557969877,1.0,0.6011792726223187,0.601028728736134,17,3
165,KIXIFY - Buy & Sell Sneakers,Shopping,50725888,1735,5.0,0.0005832567983874547,1.0,0.6002333027193549,0.004152913382434254,1.0,0.6016611653529736,0.6010186271678453,28,4
166,Fish Mania™,Games,141017088,6038,5.0,0.002029800892601413,1.0,0.6008119203570406,0.00283367084270968,1.0,0.6011334683370838,0.6009887717460644,11,2
167,Grumpy Cat's Worst Game Ever,Games,138964992,5170,5.0,0.001738004407875009,1.0,0.6006952017631499,0.0024263130600876196,1.0,0.600970525224035,0.6008466296666368,28,5
168,Crazy Cake Swap,Games,207080448,4638,5.0,0.001559161401107213,1.0,0.6006236645604429,0.002176642161061195,1.0,0.6008706568644244,0.6007595103276329,15,3
169,Slots: Hot Vegas Slot Machines - Free Slot Games,Games,163115008,3938,5.0,0.0013238416553601133,1.0,0.600529536662144,0.0018481278202369528,1.0,0.6007392511280948,0.600644879618417,48,8
170,Printicular Print Photos - 1 Hour Pickup,Photo & Video,54000640,3909,5.0,0.0013140926944648762,1.0,0.600525637077786,0.0018084178171485568,1.0,0.6007233671268594,0.6006343886047764,40,6
171,Slots - Lucky Win Casino Games & Slot Machines,Games,117479424,3807,5.0,0.0012798032457988701,1.0,0.6005119212983195,0.0017866487078827015,1.0,0.6007146594831531,0.600623427299978,46,7
172,Cookie Cats - a singing puzzle adventure,Games,173197312,3687,5.0,0.0012394627179565102,1.0,0.6004957850871826,0.001730331963741403,1.0,0.6006921327854965,0.6006037763212553,40,6
173,Cool Wallpapers for Pokemon,Photo & Video,18546688,3694,5.0,0.0012418159154139812,1.0,0.6004967263661656,0.0017089525240590352,1.0,0.6006835810096236,0.6005994964200676,27,4
174,Buffalo Slots - Royal Casino Fun Slot Machines!,Games,81576960,3153,5.0,0.0010599473690580084,1.0,0.6004239789476232,0.0014797224523126237,1.0,0.6005918889809251,0.6005163294659392,47,7
175,Cookie Clickers 2,Games,63004672,2912,5.0,0.0009789301423079354,1.0,0.6003915720569232,0.0013666196578288488,1.0,0.6005466478631315,0.6004768637503377,17,3
176,Sea Hero Quest,Games,360306688,2908,5.0,0.0009775854580465235,1.0,0.6003910341832186,0.0013647424330241389,1.0,0.6005458969732096,0.6004762087177137,14,3
178,Solitaire ∞,Games,67928064,2865,5.0,0.0009631301022363444,1.0,0.6003852520408945,0.0013445622663735067,1.0,0.6005378249065494,0.6004691671170047,11,2
179,Skiing Yeti Mountain,Games,73926656,2830,5.0,0.0009513641149489894,1.0,0.6003805456459795,0.0013281365493322947,1.0,0.6005312546197329,0.6004634355815439,20,3
180,Flow Free: Hexes,Games,20476928,2791,5.0,0.0009382534434002224,1.0,0.6003753013773601,0.0013098336074863725,1.0,0.6005239334429945,0.6004570490134591,16,3
181,Slots: VIP Deluxe Slots Machines - Free Slot Games,Games,169353216,2732,5.0,0.0009184193505443954,1.0,0.6003673677402177,0.0012821445416169007,1.0,0.6005128578166468,0.6004473872822538,50,8
182,OPUS: The Day We Found Earth,Games,245289984,2491,5.0,0.0008374021237943225,1.0,0.6003349608495177,0.0011690417471331258,1.0,0.6004676166988532,0.6004079215666522,28,6
183,Donut Dazzle,Games,65595392,2317,5.0,0.0007789083584229005,1.0,0.6003115633433691,0.0010873824681282426,1.0,0.6004349529872512,0.6003794276475043,12,2
184,Epic Jackpot Slots: Slot Machines & Bonus Games,Games,181364736,2291,5.0,0.0007701679107237226,1.0,0.6003080671642894,0.0010751805068976278,1.0,0.600430072202759,0.6003751699354478,47,7
185,Pinchworm,Games,100635648,2288,5.0,0.0007691593975276635,1.0,0.600307663759011,0.0010737725882940955,1.0,0.6004295090353177,0.6003746786609797,9,1
186,Patternator Pattern Maker Backgrounds & Wallpapers,Photo & Video,47943680,2092,5.0,0.0007032698687184756,1.0,0.6002813079474874,0.0009678204332245538,1.0,0.6003871281732898,0.6003395090716788,50,5
187,BeautyCam - AR Carnie selfie,Photo & Video,161335296,2082,5.0,0.0006999081580649455,1.0,0.600279963263226,0.0009631941405227155,1.0,0.6003852776562091,0.6003378861793667,28,4
188,⋆Solitaire⋆,Games,44193792,2059,5.0,0.0006921762235618266,1.0,0.6002768704894247,0.0009663014682244503,1.0,0.6003865205872898,0.6003371780432505,11,1
189,Coin Dozer: Casino,Games,151451648,2024,5.0,0.0006804102362744716,1.0,0.6002721640945098,0.0009498757511832382,1.0,0.6003799503004733,0.6003314465077898,18,3
190,100 PICS Coloring - free color in book game app,Games,269298688,1929,5.0,0.0006484739850659366,1.0,0.6002593895940264,0.0009052916620713768,1.0,0.6003621166648285,0.6003158894829675,47,9
191,Stickman Basketball 2017,Games,203829248,1835,5.0,0.0006168739049227547,1.0,0.6002467495619691,0.0008611768791606928,1.0,0.6003444707516643,0.6003004962163014,24,3
192,Forest Rescue 2: Friends United Match 3 Puzzle,Games,88672256,1505,5.0,0.0005059374533562647,1.0,0.6002023749813424,0.0007063058327721213,1.0,0.6002825223331089,0.600246456024814,46,7
193,Cafe Story - Play Cooking & Farming Game,Games,116981760,1498,5.0,0.0005035842558987936,1.0,0.6002014337023595,0.0007030206893638789,1.0,0.6002812082757455,0.6002453097177218,40,6
194,Slots: Fast Fortune Slot Machines & Fun Slot Games,Games,168288256,1474,5.0,0.0004955161503303216,1.0,0.6001982064601321,0.0006917573405356192,1.0,0.6002767029362143,0.6002413795219773,50,8
195,Vintage Slots Las Vegas - Old Slot Machine Games!,Games,69826560,1474,5.0,0.0004955161503303216,1.0,0.6001982064601321,0.0006917573405356192,1.0,0.6002767029362143,0.6002413795219773,49,8
196,4x4 Dirt Track Trials Forest Driving Parking Sim,Games,278811648,1441,5.0,0.0004844225051736727,1.0,0.6001937690020694,0.0006762702358967621,1.0,0.6002705080943587,0.6002359755028286,48,8
197,Stickman Base Jumper 2,Games,323822592,1362,5.0,0.0004578649910107857,1.0,0.6001831459964043,0.0006391950460037404,1.0,0.6002556780184015,0.6002230386085028,22,4
198,Suрer Toss The Turtle,Games,564712448,1339,5.0,0.00045013305650766673,1.0,0.600180053222603,0.0006284010033766581,1.0,0.6002513604013506,0.6002192721709143,21,4
199,Bullet Hell Monday,Games,90488832,1296,5.0,0.0004356777006974877,1.0,0.600174271080279,0.0006082208367260261,1.0,0.6002432883346904,0.6002122305702053,18,3
200,DANDY DUNGEON Legend of Brave Yamada,Games,247331840,1204,5.0,0.00040474996268501177,1.0,0.600161899985074,0.0005650446662176971,1.0,0.6002260178664871,0.6001971648198512,36,6
201,Slots: Get Rich Slot Machines Casino Slot Games,Games,170819584,1168,5.0,0.00039264780433230376,1.0,0.6001570591217329,0.0005481496429753075,1.0,0.60021925985719,0.6001912695262344,47,8
